model,accuracy,f1_score
Random Forest,0.9920804142552544,0.9920845113532265
Random Forest Tuned,0.9920804142552544,0.9920845113532265
