baseline_f1,advanced_f1
0.9824901493979735,0.9855094153455742
0.9859383778258939,0.9878221305469341
0.9801129398102628,0.9762891173820027
0.9763703634916593,0.9787014800203003
0.9840053812246873,0.9859085767345321
